<?xml version="1.0" encoding="utf-8"?>
<appendix id="gfdl_zh">
<?dbhtml filename="appendix/fdl_zh.html"?>
<title><acronym>GNU</acronym> 自由文档协议</title>
<para>1.1 版, 2000 年 5 月</para>
<blockquote>
<para>copyright (C) 2000  Free Software Foundation, Inc.</para>
<para>59 Temple Place, Suite 330, Boston, MA  02111-1307  USA</para>
<para>任何人都可以复制和发行这一协议文档的原始副本，但不允许对它进行修改。</para>
</blockquote>
<para>This is an unofficial translation of the GNU Free Documentation License (GFDL) into Chinese. It was not published by the Free Software Foundation, and does not legally state the distribution terms for works that uses the GFDL --only the original English text of the GFDL does that. However, I hope that this translation will help Chinese speakers understand the GFDL better.</para>
<para>这是 GNU 自由文档协议的非官方中文翻译。它不由自由软件基金会出版，因此不代表使用 GFDL 的著作的法律合同――只有 GFDL 的英文原文具有此效力。然而我们希望此翻译有助于说中文的人更好地理解 GFDL 。</para>
<section label="0">
<title>序</title>
<para>本协议的目的在于保证一本手册、教程，或其它任何书面文档在如下意义上的“自由”：确保任何人复制、重发行它的自由，不论是否经过修改，不论是否出于商业目的；其次，这一协议保护文档的作者和出版者的信誉不受他人修改的影响。</para>
<para>本协议是一种“copyleft”，这意味着：文档的派生物和文档本身必须遵循同种意义上的自由。本协议是对 GNU 通用公共协议的补充，后者是为自由软件撰写的“copyleft”协议。</para>
<para>我们撰写这一协议的最初目的是用于自由软件的手册，因为自由软件需要自由文档：自由软件应当带有同样自由的文档。但这一协议的适用范围不局限于软件文档；任何书面著作都可以使用本协议，不论它涉及哪一主题，不论它是否会出版为纸质书籍。我们建议那些以指导或参考为目的的文档作品使用本协议。</para>
</section>
<section label="1">
<?dbhtml filename="appendix/fdl_applicability_zh.html"?>
<title>适用范围和定义</title>
<para>本协议适用于任何手册或者其它著作，只要版权人声明了以本协议发行。下文所说的“文档”是指任何此类手册或著作。任何公众成员都是协议的受益者，我们将用“你”来称呼。</para>
<para>文档的“修改版”(Modified Version) 指任何包括文档或其一部分的著作，不论是原样复制的，还是加入了修改和/或翻译。</para>
<para>“附属部分” (Secondary Section) 指文档中指定的附录或序言部分，用于专门叙述作者或出版者与文档主题 (或其相关事项) 之间的关系，不包含该主题内的任何具体内容。(例如，如果文档是数学教材的一部分，那么附属部分可能不会讲述任何数学知识。)上面所说的关系可能是与文档主题 (或其相关事项) 之间的历史关联，或对它的法律、商业、哲学、伦理或政治观点。</para>
<para>“不变部分”(Invariant Sections) 是“附属部分”的一个特定子集，由使用本协议的声明根据其标题指定。</para>
<para>“封面文本”(Cover Texts) 是特定的短篇文字，在使用本协议的声明中列为“前封面文本”或“封底文本”。</para>
<para>文档的“透明”(Transparent) 副本指这样的副本：可以由机器阅读；其格式标准是公众可得的，其内容可以用一般的文本编辑器，或 (对于像素图象) 一般的绘图程序 ，或 (对于绘画作品) 广泛使用的图象编辑器直接打开查看和编辑；能直接输入文本格式器，或可自动化翻译为多种能输入文本格式器的格式。如果某一副本以非透明文件格式制作，后者的目的在于阻挠或不鼓励读者进行后期的修改，则该副本不是透明的，即“非透明”(Opaque) 的。</para>
<para>透明副本应当采用的合适格式的例子：不带标记的纯 ASCII 文本、Texinfo 输入格式、LaTeX 输入格式、采用公众可得的 DTD 的 SGML 或 XML，以及遵循标准的简单的为人类修改所设计的 HTML。非透明的格式包括 PostScript、PDF、只能被专有文字处理器阅读和编辑的专有格式、采用公众不可得的 DTD 和/或处理工具的 SGML 或 XML、机器生成的，仅被一些文字处理器用于输出的 HTML。</para>
<para>“扉页”(Title Page)指的是――对于纸版书来说――扉页本身，加上本协议要求出现在扉页中的材料所在的页面。对那些格式上没有此类扉页的作品，“扉页”指的是出现在作品最显著标题附近，正文前的文字。</para>
</section>
<section label="2">
<?dbhtml filename="appendix/fdl_copying_zh.html"?>
<title>原样复制</title>
<para>你可以以任何媒介复制和发行文档――不论是否出于商业目的――只要在每个副本中包含本协议、版权声明和采用本协议的声明，同时不给本协议附加任何其它条件。你不能使用技术手段妨碍或控制你所制作或发行的副本的阅读和继续复制。然而，你可以为你的复制接受偿金。如果你发行了大量的副本，你还要遵循第 3 部分中的条件。</para>
<para>你也可以借出副本――条件和上面所说的相同――还可以公开展示。</para>
</section>
<section label="3">
<?dbhtml filename="appendix/fdl_copyinginquantity_zh.html"?>
<title>大量复制</title>
<para>如果你出版的印刷的文档副本数超过 100，而且文档的协议声明要求包括封面文本，你必须为每份副本都装上包含清楚易认的封面文本的封面：前封面文本放在前封面，封底文本放在封底。两个封面都必须清楚易认地指出你是这些副本的出版者。前封面必须印上完整的标题，每个单词都同样显著和易认。你可以在封面上添加其它内容。如果某一复制的改动仅限于封面，且保留了原有标题并符合上述条件，那么在其它方面就可以被认为是原样复制。</para>
<para>如果要求包括的封面文本 (前封面的或封底的) 过于冗长以致不能满足易认的属性，你应当把列在前面的内容 (数量尽量合适地) 放在封面上，余下的内容放在后续页面上。</para>
<para>如果你出版或发行的非透明文档的副本数超过 100，你必须或者为每个非透明副本附带一份可机读的透明副本；或者在每个非透明副本内，或附带副本指出一个公众可进入的计算机网络地址，后者包含了一份完整的不带附加材料的透明文档副本，一般的网络使用者使用公共标准的网络接口，无需付费即可匿名下载。如果你选用了后一种办法，你必须在开始发行非透明副本时采取一些谨慎的措施，以确保处在你所指明的地址的透明副本在你发行最后一本副本 (不论是直接发行的，还是通过代理商或零售商发行的) 后至少一年内仍然可用。</para>
<para>请求，但不强制要求，你在重发行大量副本之前联系文档的作者，以便他们能给你提供文档的更新版本。</para>
</section>
<section label="4">
<?dbhtml filename="appendix/fdl_modifications_zh.html"?>
<title>修改</title>
<para>满足了第 2 和第 3 部分中的要求，你就可以复制和发行文档的修改版，其前提是你精确地把修改版以本协议发布，此时修改版就扮演了文档的角色，本协议所规定的发行和修改条款就对修改版的持有者有效。此外你必须对修改版做到：</para>
<orderedlist numeration="upperalpha">
<listitem><para>在扉页 (以及封面，如果有的话) 上使用和文档不同的标题，同时也和上一版本不同 (上一版本应当被列在文档的历史部分中，如果有的话)。如果得到了上一版本的出版者的许可，你也可以使用同上版本相同的标题。</para>
</listitem>
<listitem><para>在扉页上列出一个或多个为修改版的著作权负责的作者，并列出至少五个主要作者 (如果不足五个则列出所有作者)。</para>
</listitem>
<listitem><para>在扉页上指出修改版的出版者，并以其作为书的出版者。</para>
</listitem>
<listitem><para>保留文档的所有版权声明。</para>
</listitem>
<listitem><para>在其它版权声明旁边，添加上合适的针对你的修改的版权声明。</para>
</listitem>
<listitem><para>在版权声明和后面紧接着包括一段协议声明，允许以本协议使用修改版，其格式如附录中所示。</para>
</listitem>
<listitem><para>完整地保留文档的协议声明中给出的不变部分和要求包括的封面文本。</para>
</listitem>
<listitem><para>包含本协议的一份未经改动的副本。</para>
</listitem>
<listitem><para>保留“历史”部分及其标题，并为其添加一项，至少包括扉页中所指出的标题、年份、新作者和出版者。如果文档中没有标题为“历史”的部分，创建一个，声明文档的扉页中所指出的标题、年份、作者和出版者，再添加一项，以描述修改版，正如上文所述。</para>
</listitem>
<listitem><para>保留文档中给出的用以获取文档的透明副本的网络地址――如果有的话；同样包括修改版所基于的前一版本所给出的地址。这些都可以放在“历史”部分里面。如果著作是在文档本身至少四年前出版的，或者该版本的原出版者允许，你可以略去它的地址。</para>
</listitem>
<listitem><para>保留原文档中的“鸣谢”或“贡献”部分的标题，以及其中给予每一个贡献者的鸣谢和/或献辞的要旨和语气。</para>
</listitem>
<listitem><para>保留文档的所有不变部分，文字和标题均不能改动。章节号或其等价物不被视为章节标题的一部分。</para>
</listitem>
<listitem><para>删除所有题为“赞誉”的章节。这样的章节不能包括在修改版中。</para>
</listitem>
<listitem><para>不要把任何已有章节题为“赞誉”，或与不变部分中的标题冲突。</para>
</listitem>
</orderedlist>
<para>如果修改版包括新的序言或附录，且满足附属部分的条件，不包含从文档中复制的材料，你可以 (也可以不) 把它们的一部分或全体指定为不变的。要做到这一点，需要把它们的标题添加到修改版的协议声明的不变部分列表中。这些标题必须和其它章节标题不同。</para>
<para>你可以添加题为“赞誉”的一个章节，只要它只包括不同群体对你的修改版的赞誉――例如，同类作品的对比，或者你的文字已被某个组织或官方机构批准为某个标准的定义的原文。</para>
<para>你可以在修改版封面文本的最后添加一小段――最多五个单词――作为前封面文本，另一小段――最多 25 个单词――作为封底文本。一个实体只能添加 (或整理出) 前封面文本的一段和封底文本的一段。如果文档的某一封面已经包括了你或你所代表的同一个实体之前所添加 (或整理出) 的一段封面文本，你不能再往这一封面上添加；但你可以替换掉旧的文本，只要得到了添加该文本的出版者的明确许可。</para>
<para>文档的作者和出版者使用本协议，并不连同给予此许可：公开使用他们的名字来确保或暗示对修改版的肯定。</para>
</section>
<section label="5">
<?dbhtml filename="appendix/fdl_combining_zh.html"?>
<title>合并文档</title>
<para>你可以把文档以及其它以本协议发布的文档合并起来，前提是符合第 4 部分中关于修改版的条件，并在合并作品中不经修改地包含所有原文档的所有不变部分，并在合并作品的协议声明中把它们全部列为不变部分。</para>
<para>合并作品只需包含本协议的一份副本，重复的不变部分可以合并为一个。如果几个不变部分的标题相同而内容不同，则应在标题的末尾添加其原作者或出版者的名字 (用括号括起来)――如果是已知的――来区分，否则就用一个独有的数字来区分。对合并作品的协议声明的不变部分列表中出现的章节标题作同样的调整。</para>
<para>合并时，你必须把各个原文档的“历史”部分合并为一个“历史”部分；对任何题为“鸣谢”和“献辞”的部分作同样的合并。你必须删除所有题为“赞誉”的部分。</para>
</section>
<section label="6">
<?dbhtml filename="appendix/fdl_collections_zh.html"?>
<title>文档合集</title>
<para>你可以把文档以及其它以本协议发布的文档合为一集，把分立的本协议的副本合为一个包含在合集中，前提是对每个文档的其它所有方面，都应遵循本协议关于原样复制的规定。</para>
<para>你可以从这样的合集中抽取出一个文档，并以本协议单独发行，前提是你把本协议的副本插入到了抽取出的文档中，并在其它所有方面，都应遵循本协议关于原样复制的规定。</para>
</section>
<section label="7">
<?dbhtml filename="appendix/fdl_aggregation_zh.html"?>
<title>独立著作聚集</title>
<para>文档或其派生物与其它分立文档或著作的汇编，以一个文库或一个大媒体的形式发行，如果其自身没有汇编版权声明，其整体不被视为文档的修改版。这样的汇编称为“聚集”，本协议不约束和文档汇编在一起的其它非派生作品。</para>
<para>如果第 3 部分中关于封面文本的要求对于这些 (聚集中的) 文档副本是可行的，但文档只占聚集的不到 1/4 的部分，那么文档的封面文本可以被置于聚集内部，只围绕在文档自身周围。否则，它们必须出现在聚集的封面上。</para>
</section>
<section label="8">
<?dbhtml filename="appendix/fdl_translation_zh.html"?>
<title>翻译</title>
<para>翻译被认为是修改的一种，所以你可以依据第 4 分部分发行文档的翻译版。把不变部分替换为翻译版本需要得到版权持有者的特别许可，但你可以包括部分或全部不变部分的翻译版本作为补充。你也可以包括本协议的一份翻译，但同时也要包括本协议的英语版本。如果翻译版本和英语原版有任何出入，当以英语原版为准。</para>
</section>
<section label="9">
<?dbhtml filename="appendix/fdl_termination_zh.html"?>
<title>终止协议</title>
<para>你只能在明确遵循本协议的前提下，对文档进行复制、修改、派生协议或发行。其它任何任何复制、修改、派生协议或发行的企图都是无效的，并会自动终止本协议授予你的权力。然而如果你违反了本协议，那些根据此协议从你处接受了副本或者权力的人们，只要遵循本协议，他们的协议将不会被终止。</para>
</section>
<section label="10">
<?dbhtml filename="appendix/fdl_future_zh.html"?>
<title>协议将来的修订</title>
<para>自由软件基金会可能会不时出版 GNU 自由文档协议的新的、修订过的版本。这样的新版本在其精神上会与这一版本相似，但为对付新的问题或利害关系，在细节上可能会有所不同。参看 <ulink
url="http://www.gnu.org/copyleft/">http://www.gnu.org/copyleft/</ulink>。</para>
<para>协议的每一版本都会被赋予一个以示区别的版本号。如果文档指定和本协议的版本号加上“或者更新的版本”，你可以遵循指定的版本和自由软件基金会出版的新版本 (不包括草稿) 中的任意一个。如果文档没有指定版本号，你可以从自由软件基金会曾经出版过的版本 (不包括草稿) 中任选一个。</para>
</section>
<section label="11">
<?dbhtml filename="appendix/fdl_howto_zh.html"?>
<title>如何为你的文档使用本协议</title>
<para>要为你所写的文档使用本协议，在文档中包括本协议的一份副本，并把如下版权和协议声明放在扉页后：</para>
<blockquote>
<para>Copyright (c)  YEAR  YOUR NAME.</para>
<para>Permission is granted to copy, distribute and/or modify this document under the terms of the GNU Free Documentation License, Version 1.1 or any later version published by the Free Software Foundation; with the Invariant Sections being LIST THEIR TITLES, with the Front-Cover Texts being LIST, and with the Back-Cover Texts being LIST. A copy of the license is included in the section entitled "GNU Free Documentation License".</para>
</blockquote>
<blockquote><para>参考译文：</para>
<para>Copyright (c)  YEAR  YOUR NAME.</para>
<para>允许在 GNU 自由文档协议 (1.1 版，或自由软件基金会出版的任何更新版本) 的许可下复制、发行且/或修改本文档；本文档的不变部分包括[它们的标题列在这里]，前封面文本是[列在这里]，封底文本是[列在这里]。该协议的一份副本包含在题为“GNU Free Documentation License”的章节中。</para>
</blockquote>
<para>如果没有不变部分，就写“with no Invariant Sections”(没有不变部分) 而不是指明不变部分；如果没有前封面文本，就写“no Front-Cover Texts”(没有前封面文本) 而不是“Front-Cover Texts being LIST”(前封面文本是[列在这里])；封底文本也是一样。</para>
<para>如果你的文档包含有价值的样例程序代码，我们建议你把这些样例用平行的自由软件协议发布，以使得它们可以在自由软件中被使用，例如 GNU 通用公共协议。</para>
</section>
</appendix>
