<?xml version="1.0" encoding="utf-8"?>
<appendix id="license_zh">
<?dbhtml filename="appendix/license_statement_zh.html"?>
<title>&python; 协议</title>
<section label="0">
<title>关于译文的声明</title>
<para>本译文仅供参考，不代表 &python; 协议本身。它不具备任何法律效力――只有 &python; 协议的英文原文具有此效力。</para>
</section>
<section label="A">
<?dbhtml filename="appendix/license_zh.html"?>
<title>软件的历史</title>
<para>Python 是 Guido van Rossum 于 20 世纪 90 年代早期在荷兰的 Stichting Mathematisch Centrum (CWI) 发明的，作为一门叫 ABC 的语言的后继。Guido 是 Python 的主要作者，尽管它包括了很多他人的贡献。CWI 发布的最后版本是 Python 1.2。1995 年，Guido 在 Reston,Virginia 的 Corporation for National Research Initiatives (CNRI) 继续进行 Python 的工作，他在此又发布了这个软件的多个版本。Python 1.6 是 CNRI 发布的最后版本。2000 年，Guido 和 Python 的核心团队转移到了 BeOpen.com，形成了 BeOpen PythonLabs 团队。Python 2.0 第一个也是唯一一个 BeOpen.com 发布的版本。</para>

<para>Python 1.6 发布后，Guido van Rossum 离开了 CNRI，同商业软件开发员一同工作。让 Python 和以 GNU Public License (GPL) 发布的软件一起工作的需求逐渐明朗起来。CNRI 和自由软件基金会 (Free Software Foundation, FSF) 进行了接触，得到对 Python 协议改动措辞的许可。Python 1.6.1 本质上与 Python 1.6 是相同的，只修正了小部分 bug，但却是用不同的协议发布，从而后续的版本都兼容 GPL 了。Python 2.1 是 Python 1.6.1 的衍生物，Python 2.0 也是。</para>

<para>Python 2.0 在 BeOpen.com 发布后，Guido van Rossum 和其它的 PythonLabs 开发者加入了 Digital Creations。从 Python 2.1 及其 alpha 和 beta 发布开始，此后加入的所有知识产权都由 Python 软件基金会 (Python Software Foundation, PSF) 所有，后者是一个非盈利的组织，以 Apache 软件基金会为样板。关于 PSF 的更多信息可以参看 http://www.python.org/psf/。</para>

<para>感谢成千上万的外部志愿者，他们在 Guido 的指引下使得所有这些发布成为可能。</para>
</section>

<section label="B">
<?dbhtml filename="appendix/license_terms_zh.html"?>
<title>使用 Python 的条款和条件</title>

<section>
<title>PSF 协议</title>

<orderedlist>
<listitem><para>本协议是 Python 软件基金会 (“PSF”) 同使用 Python 2.1.1 软件――源码或二进制形式――及其相关文档的个人或组织 (“获许者”) 之间达成的契约。</para></listitem>

<listitem><para>在服从本协议的条款和条件的前提下，PSF 特此给予获许者无例外、无版税、全球的许可，以复制、分析、测试、运行和/或公开展出、衍生、发行，或以其它方式使用单独的 Python 2.1.1 或其衍生版本，前提是 PSF 的协议和 PSF 的版权声明 (“Copyright (c) 2001 Python Software Foundation; All Rights Reserved”) 保留在单独的 Python 2.1.1 或其由获许者特制的衍生版本中。</para></listitem>

<listitem><para>如果获许者制作了一基于或包括 Python 2.1.1 或其一部分的衍生物，同时想要使其能为他人所得，本协议特此同意在其中包含关于对 Python 2.1.1 所作改动的简短概要。</para></listitem>

<listitem><para>PSF 使获许者能够使用 Python 2.1.1，其基础是“AS IS”原则。PSF 不作任何描述或保证，不论是明确的还是暗含的。例如――但决不限于此――PSF 不作并且否认如下描述或保证：产品的销路，产品是否适合于某一用途，以及 Python 2.1.1 不会侵犯任何第三方的权力。</para></listitem>

<listitem><para>PSF 将不对获许者或其它任何 Python 2.1.1 的用户，为修改、发行或者以其它方式使用 Python 2.1.1 或其衍生物所引起的任何意外的、特殊的，或直接的损害或丢失负担任何责任，即使对此种可能性知情。</para></listitem>

<listitem><para>一旦协议的条款和条件遭到实质性的破坏，本协议将自动终止。</para></listitem>

<listitem><para>协议中的任何内容都不视为要在 PSF 和获许者之间创造代理、合作或者合资的关系。本协议不授予此许可：使用 PSF 商标，或在商标中以商标的意义使用其商标名，以赞誉或宣扬获许者或任何第三方的产品或服务。</para></listitem>

<listitem><para>通过复制、安装，或以其它方式使用 Python 2.1.1，获许者同意受到本协议的条款和条件的约束。</para></listitem>

</orderedlist>
</section>

<section>
<title>BeOpen Python 开源协议第 1 版</title>
<orderedlist>
<listitem><para>本协议是 BeOpen.com (“BeOpen”，其办公室位于 160 Saratoga Avenue, Santa Clara, CA 95051) 同使用本软件――源码或二进制形式――及其相关文档 (“本软件”) 的个人或组织 (“获许者”) 之间达成的契约。</para></listitem>

<listitem><para>在服从 BeOpen Python 协议的前提下，BeOpen 特此给予获许者无例外、无版税、全球的许可，以复制、分析、测试、运行和/或公开展出、衍生、发行，或以其它方式使用单独的本软件或其衍生版本，前提是 BeOpen Python 保留在单独的本软件或其由获许者特制的衍生版本中。</para></listitem>

<listitem><para>BeOpen 使获许者能够使用本软件，其基础是“AS IS”原则。BeOpen 不作任何描述或保证，不论是明确的还是暗含的。例如――但决不限于此――BeOpen 不作并且否认如下描述或保证：产品的销路，产品是否适合于某一用途，以及本软件不会侵犯任何第三方的权力。</para></listitem>

<listitem><para>PSF 将不对获许者或其它任何本软件的用户，为修改、发行或者以其它方式使用本软件或其衍生物所引起的任何意外的、特殊的，或直接的损害或丢失负担任何责任，即使对此种可能性知情。</para></listitem>

<listitem><para>一旦协议的条款和条件遭到实质性的破坏，本协议将自动终止。</para></listitem>

<listitem><para>本协议应当受到 California 州法律的管理和解释，除非法律条款发生了矛盾。协议中的任何内容都不视为要在 BeOpen 和获许者之间创造代理、合作或者合资的关系。本协议不授予此许可：使用 BeOpen 商标，或在商标中以商标的意义使用其商标名，以赞誉或宣扬获许者或任何第三方的产品或服务。作为例外，出现在 http://www.pythonlabs.com/logos.html 的“BeOpen Python”标志可以按照该网页上所授予的许可使用。</para></listitem>

<listitem><para>通过复制、安装，或以其它方式使用本软件，获许者同意受到本协议的条款和条件的约束。</para></listitem>
</orderedlist>
</section>

<section>
<title>CNRI 开源 GPL 兼容协议</title>

<orderedlist>
<listitem><para>本协议是 Corporation for National Research Initiatives (“CNRI”，其办公室位于 1895 Preston White Drive, Reston, VA 20191) 同使用 Python 1.6.1――源码或二进制形式――及其相关文档的个人或组织之间达成的契约。</para></listitem>

<listitem><para>在服从本协议的条款和条件的前提下，CNRI 特此给予获许者无例外、无版税、全球的许可，以复制、分析、测试、运行和/或公开展出、衍生、发行，或以其它方式使用单独的 Python 1.6.1 或其衍生版本，前提是 CNRI 的协议和 CNRI 的版权声明 (“Copyright (c) 1995-2001 Corporation for National Research Initiatives; All Rights Reserved”) 保留在单独的 Python 1.6.1 或其由获许者特制的衍生版本中。作为替代，在应当出现 CNRI 协议之处，获许者可以用下列文本加以替代：(不含引号)：“Python 1.6.1 is made available subject to the terms and conditions in CNRI's License Agreement.  This Agreement together with Python 1.6.1 may be located on the Internet using the following unique, persistent identifier (known as a handle): 1895.22/1013.  This Agreement may also be obtained from a proxy server on the Internet using the following URL: http://hdl.handle.net/1895.22/1013”(Python 1.6.1 必须在服从 CNRI 的协议的前提下方可使用。这一协议和 Python 1.6.1 一起，用一个唯一的、不变的标识符 (也叫标识句柄) 即可在 Internet 上找到：1895.22/1013。这一协议可以通过代理服务器从 Internet 上得到，通过访问如下 URL：http://hdl.handle.net/1895.22/1013)。</para></listitem>

<listitem><para>如果获许者制作了一基于或包括 Python 1.6.1 或其一部分的衍生物，同时想要使其能为他人所得，本协议特此同意在其中包含关于对 Python 1.6.1 所作改动的简短概要。</para></listitem>

<listitem><para>CNRI 使获许者能够使用 1.6.1，其基础是“AS IS”原则。CNRI 不作任何描述或保证，不论是明确的还是暗含的。例如――但决不限于此――CNRI 不作并且否认如下描述或保证：产品的销路，产品是否适合于某一用途，以及 Python 1.6.1 不会侵犯任何第三方的权力。</para></listitem>

<listitem><para>CNRI 将不对获许者或其它任何 Python 1.6.1 的用户，为修改、发行或者以其它方式使用 Python 1.6.1 或其衍生物所引起的任何意外的、特殊的，或直接的损害或丢失负担任何责任，即使对此种可能性知情。</para></listitem>

<listitem><para>一旦协议的条款和条件遭到实质性的破坏，本协议将自动终止。</para></listitem>

<listitem><para>本协议应当受到美国联邦知识产权法律的管理，包括但不限于联邦版权法――或者，在联邦法律不起作用的地方，如 Virginia 州，由 Commonwealth of Virginia 制定的法律，除非其条款发生了矛盾。尽管如前所述，考虑到基于 Python 1.6.1 的包含不可分割的以 GNU 通用公共协议 (GPL) 发布的材料的衍生物，由 Commonwealth of Virginia 制定的法律只管理使用本协议时与第 4、5、7 章中的内容有关的事项。协议中的任何内容都不视为要在 CNRI 和获许者之间创造代理、合作或者合资的关系。本协议不授予此许可：使用 CNRI 商标，或在商标中以商标的意义使用其商标名，以赞誉或宣扬获许者或任何第三方的产品或服务。</para></listitem>

<listitem><para>通过单击标示出“接受”的按钮、或者复制、安装，或以其它方式使用 Python 1.6.1，获许者同意受到本协议的条款和条件的约束。</para></listitem>

</orderedlist>
</section>

<section>
<title>CWI 许可声明与免责声明</title>

<blockquote><para>Copyright (c) 1991 - 1995, Stichting Mathematisch Centrum Amsterdam, The Netherlands.  All rights reserved.</para></blockquote>

<para>在此特许以任何目的、不付费地使用、复制、修改和发行本软件及其文档，其前提是上述版权声明出现在所有的副本中，版权声明和此许可声明出现在支持文档中。在未经书面特许，Stichting Mathematisch Centrum 或 CWI 的名字不被用于广告或软件发行的相关宣传事宜。</para>

<para>Stichting Mathematisch Centrum 否认所有对此软件的保证，包括所有暗含的对产品的销路、是否适合于某一用途的保证。无论如何，Stichting Mathematisch Centrum 都不为任何意外的、间接的，或直接的损害或由任何由使用权、数据或利益的损失所造成的损害负担任何责任，不论是否达成了合同，还是由于疏忽大意或者其它的侵权行为，不论和使用或运行本软件是否有关。</para>

</section>
</section>
</appendix>
