<?xml version="1.0" encoding="utf-8"?>
<chapter id="regression">
<?dbhtml filename="functional_programming/index.html"?>
<title>函数编程</title>
<titleabbrev id="regression.numberonly">第 16 章</titleabbrev>
<section id="regression.divein">
<title>概览</title>
<abstract>
<title/>
<para>在 <xref linkend="roman"/> 中，你学会了单元测试的哲学。在 <xref linkend="roman1.5"/>  中你步入了 &python; 基本的单元测试操作，在 <xref linkend="roman2"/> 部分，你看到单元测试如何令大规模重构变得容易。本章将在这些程序样例的基础上，集中关注于超越单元测试本身的更高级的 &python; 特有技术。</para>
</abstract>
<para>下面是一个作为简单回归测试 (regression test) 框架运行的完整 &python; 程序。它将你前面编写的单独单元测试模块组织在一起成为一个测试套件并一次性运行。实际上这是本书的构建代码的一部分；我为几个样例程序都编写了单元测试 (不是只有 <xref linkend="roman"/> 中的 &roman_filename; 模块)，我的自动构建代码的第一个工作便是确保我所有的例子可以正常工作。如果回归测试程序失败，构建过程当即终止。我可不想因为发布了不能工作的样例程序而让你在下载他们后坐在显示器前抓耳挠腮地为程序不能运转而烦恼。</para>
<example>
<title>&regression_filename;</title>
&para_download;
<programlisting>
&regression_doc;

&regression_import;

&regression_testdef;
&regression_path;
&regression_listdir;
&regression_compile;
&regression_filter;
&regression_lambda;
&regression_map;
&regression_mapimport;
&regression_load;
&regression_testsuite;

&regression_ifmain;
&regression_main;
</programlisting>
</example>
<para>把这段代码放在本书其他样例代码相同的目录下运行之，<filename><replaceable>module</replaceable>test.py</filename> 中的所有单元测试将被找到并一起被运行。</para>
<example>
<title>&regression_filename; 的样例输出</title>
<screen>
<prompt>[you@localhost py]$ </prompt><userinput>python regression.py -v</userinput>
<computeroutput>help should fail with no object ... ok                             </computeroutput><co id="regression.divein.1.1"/><computeroutput>
help should return known result for apihelper ... ok
help should honor collapse argument ... ok
help should honor spacing argument ... ok
buildConnectionString should fail with list input ... ok           </computeroutput><co id="regression.divein.1.2"/><computeroutput>
buildConnectionString should fail with string input ... ok
buildConnectionString should fail with tuple input ... ok
buildConnectionString handles empty dictionary ... ok
buildConnectionString returns known result with known input ... ok
fromRoman should only accept uppercase input ... ok                </computeroutput><co id="regression.divein.1.3"/><computeroutput>
toRoman should always return uppercase ... ok
fromRoman should fail with blank string ... ok
fromRoman should fail with malformed antecedents ... ok
fromRoman should fail with repeated pairs of numerals ... ok
fromRoman should fail with too many repeated numerals ... ok
fromRoman should give known result with known input ... ok
toRoman should give known result with known input ... ok
fromRoman(toRoman(n))==n for all n ... ok
toRoman should fail with non-integer input ... ok
toRoman should fail with negative input ... ok
toRoman should fail with large input ... ok
toRoman should fail with 0 input ... ok
kgp a ref test ... ok
kgp b ref test ... ok
kgp c ref test ... ok
kgp d ref test ... ok
kgp e ref test ... ok
kgp f ref test ... ok
kgp g ref test ... ok

----------------------------------------------------------------------
Ran 29 tests in 2.799s

OK</computeroutput></screen>
<calloutlist>
<callout arearefs="regression.divein.1.1">
<para>前五个测试来自于 <filename>apihelpertest.py</filename>，用以测试 <xref linkend="apihelper"/> 中的样例代码。</para>
</callout>
<callout arearefs="regression.divein.1.2">
<para>接下来的五个测试来自于 <filename>odbchelpertest.py</filename>，用以测试 <xref linkend="odbchelper"/> 中的样例代码。</para>
</callout>
<callout arearefs="regression.divein.1.3">
<para>其他的测试来自于 <filename>romantest.py</filename>，你在 <xref linkend="roman"/> 中深入学习过。</para>
</callout>
</calloutlist>
</example>
</section>
<section id="regression.path">
<?dbhtml filename="functional_programming/finding_the_path.html"?>
<title>找到路径</title>
<abstract>
<title/>
<para>从命令行运行 &python; 代码时，知道所运行代码在磁盘上的存储位置有时候是有必要的。</para>
</abstract>
<para>这是一个不那么容易想起，但一想起就很容易解决的小麻烦。答案是 <literal>sys.argv</literal>。正如你在 <xref linkend="kgp"/> 中看到的，它包含了很多命令行参数。它也同样记录了运行脚本的名字，和你调用它时使用的命令一摸一样。这些信息足以令我们确定文件的位置。</para>
<example>
<title><filename>fullpath.py</filename></title>
&para_download;
<programlisting>
import sys, os

print 'sys.argv[0] =', sys.argv[0]             <co id="regression.path.1.1"/>
pathname = os.path.dirname(sys.argv[0])        <co id="regression.path.1.2"/>
print 'path =', pathname
print 'full path =', os.path.abspath(pathname) <co id="regression.path.1.3"/></programlisting>
<calloutlist>
<callout arearefs="regression.path.1.1">
<para>无论如何运行一段脚本，&sysargv0; 总是包含脚本的名字，和调用时使用的命令一摸一样。你很快会发现，它不一定包含任何路径信息。</para>
</callout>
<callout arearefs="regression.path.1.2">
<para>&ospathdirname; 接受作为字符串传来的文件名并返回路径部分。如果给定的文件名不包含任何路径信息，&ospathdirname;  返回空字符串。</para>
</callout>
<callout arearefs="regression.path.1.3">
<para>&ospathabspath; 是这里的关键。它接受的路径名可以是部分的甚至是完全空白，但总能返回完整有效的路径名。</para>
</callout>
</calloutlist>
</example>
<para>进一步地解释 &ospathabspath; 是有必要的。它非常灵活，可以接受任何类型的路径名。</para>
<example>
<title>&ospathabspath; 的进一步解释</title>
<screen>
&prompt;<userinput>import os</userinput>
&prompt;<userinput>os.getcwd()</userinput>                        <co id="regression.path.2.1"/>
<computeroutput>/home/you</computeroutput>
&prompt;<userinput>os.path.abspath('')</userinput>                <co id="regression.path.2.2"/>
<computeroutput>/home/you</computeroutput>
&prompt;<userinput>os.path.abspath('.ssh')</userinput>            <co id="regression.path.2.3"/>
<computeroutput>/home/you/.ssh</computeroutput>
&prompt;<userinput>os.path.abspath('/home/you/.ssh')</userinput> <co id="regression.path.2.4"/>
<computeroutput>/home/you/.ssh</computeroutput>
&prompt;<userinput>os.path.abspath('.ssh/../foo/')</userinput>    <co id="regression.path.2.5"/>
<computeroutput>/home/you/foo</computeroutput></screen>
<calloutlist>
<callout arearefs="regression.path.2.1">
<para><function>os.getcwd()</function> 返回当前的工作路径。</para>
</callout>
<callout arearefs="regression.path.2.2">
<para>用空字符串调用 &ospathabspath; 将返回当前的工作路径，与 <function>os.getcwd()</function>的效果相同。</para>
</callout>
<callout arearefs="regression.path.2.3">
<para>以不完整的路径名调用 &ospathabspath; 可以构建一个基于当前工作路径且完整有效的路径名。</para>
</callout>
<callout arearefs="regression.path.2.4">
<para>以完整的路径名调用 &ospathabspath; 则简单地将其直接返回。</para>
</callout>
<callout arearefs="regression.path.2.5">
<para>&ospathabspath; 还<emphasis>格式化</emphasis> 返回的路径名。注意这个例子在我根本没有‘foo’目录时同样奏效。&ospathabspath; 从不检查你的磁盘，而仅仅是字符串操作。</para>
</callout>
</calloutlist>
</example>
<note id="os.path.abspath.exist.note">
<title>&ospathabspath; 并不验证路径名</title>
<para>传递给 &ospathabspath; 的路径名和文件名可以不存在。</para>
</note>
<note id="os.path.normpath.note">
<title>格式化路径名</title>
<para>&ospathabspath; 不仅构建完整路径名，还能格式化路径名。这意味着如果你正工作于 <filename>/usr/</filename> 目录，<literal>os.path.abspath('bin/../local/bin')</literal> 将会返回 <filename>/usr/local/bin</filename>。它把路径名格式化为尽可能简单的形式。如果你只是希望简单地返回这样的格式化路径名而不需要完整路径名，可以使用 <function>os.path.normpath</function>。</para>
</note>
<example>
<title><filename>fullpath.py</filename> 的样例输出</title>
<screen>
<prompt>[you@localhost py]$ </prompt><userinput>python /home/you/diveintopython/common/py/fullpath.py</userinput> <co id="regression.path.3.1"/>
<computeroutput>sys.argv[0] = /home/you/diveintopython/common/py/fullpath.py
path = /home/you/diveintopython/common/py
full path = /home/you/diveintopython/common/py</computeroutput>
<prompt>[you@localhost diveintopython]$ </prompt><userinput>python common/py/fullpath.py</userinput>               <co id="regression.path.3.2"/>
<computeroutput>sys.argv[0] = common/py/fullpath.py
path = common/py
full path = /home/you/diveintopython/common/py</computeroutput>
<prompt>[you@localhost diveintopython]$ </prompt><userinput>cd common/py</userinput>
<prompt>[you@localhost py]$ </prompt><userinput>python fullpath.py</userinput>                                     <co id="regression.path.3.3"/>
<computeroutput>sys.argv[0] = fullpath.py
path = 
full path = /home/you/diveintopython/common/py</computeroutput></screen>
<calloutlist>
<callout arearefs="regression.path.3.1">
<para>在第一种情况下，&sysargv0; 包含代码的完整路径。你可以通过 &ospathdirname; 函数将文件名从其中剥离出来并返回完整的路径，&ospathabspath; 则是简单地把你传递给它的值返回。</para>
</callout>
<callout arearefs="regression.path.3.2">
<para>如果脚本是以不完整路名被运行的，&sysargv0; 还是会包含命令行中出现的一切。&ospathdirname; 将会给你一个 (相对于当前工作路径的) 不完整的路径名，&ospathabspath; 将会以不完整路径名为基础构建一个完整的路径名。</para>
</callout>
<callout arearefs="regression.path.3.3">
<para>如果没有给定任何路径，而是从当前目录运行脚本，&ospathdirname; 将简单地返回一个空字符串。由于是从当前目录运行脚本，&ospathabspath; 将针对给定的空字符串给出你所希望获知的当前目录。</para>
</callout>
</calloutlist>
</example>
<note id="os.path.abspath.crossplatform.note">
<title>&ospathabspath; 是跨平台的</title>
<para>就像 &os; 和 &ospath; 模块的其他函数，&ospathabspath; 是跨平台的。如果你是在 &windows; (使用反斜杠作为路径符号) 或 &macos; (使用冒号) 上运行，它们同样工作，只是将获得与我稍有不同的结果。&os; 的所有函数都是这样的。</para>
</note>
<formalpara><title>补充</title><para>一位读者对这个结果并不满意，他希望能够从当前路径运行所有单元测试，而不是从 &regression_filename; 所在目录运行。他建议以下面的代码加以取代：</para></formalpara>
<example id="regression.path.cwd.example">
<title>在当前目录运行脚本</title>
<programlisting>import sys, os, re, unittest

def regressionTest():
    path = os.getcwd()       <co id="regression.path.4.1"/>
    sys.path.append(path)    <co id="regression.path.4.2"/>
    files = os.listdir(path) <co id="regression.path.4.3"/>
</programlisting>
<calloutlist>
<callout arearefs="regression.path.4.1">
<para>不是将 <varname>path</varname> 设置为运行代码所在的路径，而是将它设置为当前目录。可以是你在运行脚本之前所在的任何路径，而不需要是运行脚本所在的路径。(多次体味这句话，直到你真正理解了它。)</para>
</callout>
<callout arearefs="regression.path.4.2">
<para>将这个目录添加到  &python; 库搜索路径中，你稍后动态导入单元测试模块时，&python; 就能找到它们了。如果 <varname>path</varname> 就是正在运行代码的存储目录，你就不需要这样做了，因为 &python; 总会查找这个目录。</para>
</callout>
<callout arearefs="regression.path.4.3">
<para>函数的其他部分不变。</para>
</callout>
</calloutlist>
<para>这个技术允许你在多个项目中重用 &regression_filename; 代码。只需要将这个代码放在一个普通目录中，在运行项目前将路径更改为项目的目录。项目中所有的单元测试被找到并运行，而不仅仅局限于 &regression_filename; 所在目录的单元测试。</para>
</example>
</section>
<section id="regression.filter">
<?dbhtml filename="functional_programming/filtering_lists.html"?>
<title>重识列表过滤</title>
<abstract>
<title/>
<para>你已经熟识了<link linkend="apihelper.filter">应用列表解析来过滤列表</link>。这里介绍的是达到相同效果的另一种令很多人感觉清晰的实现方法。</para>
</abstract>
<para>&python; 有一个内建 &filter_function; 函数，它接受两个参数：一个函数和一个列表，返回一个列表。<footnote><para>从技术层面上讲，&filter_function; 的第二个参数可以是任意的序列，包括列表、元组以及定义了 <function>__getitem__</function> 特殊方法而能像列表一样工作的自定义类。在可能情况下，&filter_function; 会返回与输入相同的数据类型，也就是过滤一个列表返回一个列表，过滤一个元组返回一个元组。</para></footnote>  作为第一个参数传递给 &filter_function; 的函数本身应接受一个参数，&filter_function; 返回的列表将会包含被传入列表参数传递给 &filter_function; 所有可以令函数返回真 (true) 的元素。</para>
<para>都明白了吗？并没有听起来那么难。</para>
<example>
<title>&filter_function; 介绍</title>
<screen>
&prompt;<userinput>def odd(n):</userinput>                 <co id="regression.filter.1.1"/>
&continuationprompt;<userinput>return n % 2</userinput>
&continuationprompt;
&prompt;<userinput>li = [1, 2, 3, 5, 9, 10, 256, -3]</userinput>
&prompt;<userinput>filter(odd, li)</userinput>             <co id="regression.filter.1.2"/>
<computeroutput>[1, 3, 5, 9, -3]</computeroutput>
&prompt;<userinput>[e for e in li if odd(e)]</userinput>   <co id="regression.filter.1.3"/>
&prompt;<userinput>filteredList = []</userinput>
&prompt;<userinput>for n in li:</userinput>                <co id="regression.filter.1.4"/>
&continuationprompt;<userinput>if odd(n):</userinput>
&continuationprompt;<userinput>    filteredList.append(n)</userinput>
&continuationprompt;
&prompt;<userinput>filteredList</userinput>
<computeroutput>[1, 3, 5, 9, -3]</computeroutput></screen>
<calloutlist>
<callout arearefs="regression.filter.1.1">
<para><function>odd</function> 使用内建的取模 (mod) 函数 <quote><literal>%</literal></quote> 对于为奇数的 <varname>n</varname> 返回 &one;；为偶数的返回 &zero;。</para>
</callout>
<callout arearefs="regression.filter.1.2">
<para>&filter_function; 接受两个参数：一个函数 (<function>odd</function>) 和一个列表 (<varname>li</varname>)。它依列表循环为每个元素调用 <function>odd</function> 函数。如果 <function>odd</function> 返回的是真 (记住，&python; 认为所有非零值为真)，则该元素被放在返回列表中，如若不然则被过滤掉。结果是一个只包含原列表中奇数的列表，出现顺序则和原列表相同。</para>
</callout>
<callout arearefs="regression.filter.1.3">
<para>你可以通过遍历的方式完成相同的工作，正如在 <xref linkend="apihelper.filter"/> 中看到的。</para>
</callout>
<callout arearefs="regression.filter.1.4">
<para>你可以通过 &for; 循环的方式完成相同的工作。取决于你的编程背景，这样也许更<quote>直接</quote>，但是像  &filter_function; 函数这样的实现方法更清晰。不但编写简单，而且易于读懂。&for; 循环就好比近距离的绘画：你可以看到所有的细节，但是或许你应该花几秒时间退后几步看一看图画的全景：<quote>啊，你仅仅是要过滤列表！</quote></para>
</callout>
</calloutlist>
</example>
<example>
<title>&regression_filename; 中的 &filter_function;</title>
<programlisting>
&regression_listdir; <co id="regression.filter.2.1"/>
&regression_compile; <co id="regression.filter.2.2"/>
&regression_filter; <co id="regression.filter.2.3"/></programlisting>
<calloutlist>
<callout arearefs="regression.filter.2.1">
<para>正如你在 <xref linkend="regression.path"/> 中看到的，<varname>path</varname> 可能包括正在运行脚本的完全或者部分路径名，或者当脚本运行自当前目录时包含一个空的字符串。任何一种情况下，<varname>files</varname> 都会获得正运行脚本所在目录的文件名。</para>
</callout>
<callout arearefs="regression.filter.2.2">
<para>这是一个预编译的正则表达式。正如你在 <xref linkend="roman.refactoring"/>中看到的，如果你需要反复使用同一个正则表达式，你应该编译它已获得更快的性能。编译后的对象将含有接受一个待寻找字符串作为参数的 <function>search</function> 方法。如果这个正则表达式匹配字符串，<function>search</function> 方法返回一个包含正则表达式匹配信息的 <classname>Match</classname> 对象；否则返回 &none;，这是 &python; 空 (null) 值。</para>
</callout>
<callout arearefs="regression.filter.2.3">
<para>对于 <varname>files</varname> 列表中的每个元素，你将会调用正则表达式编译对象 <varname>test</varname> 的 <function>search</function> 方法。如果正则表达匹配，方法将会返回一个被 &python; 认定为真 (true) 的  <classname>Match</classname> 对象；如果正则表达不匹配，<function>search</function> 方法将会返回被认定为假 (false) 的 &none;，元素将被排除。</para>
</callout>
</calloutlist>
</example>
<formalpara>
<title>历史注释</title>
<para>&python; 2.0 早期的版本不包含 <link linkend="odbchelper.map">列表解析</link>，因此不能 <link linkend="apihelper.filter">以列表解析方式过滤</link>，&filter_function; 函数是当时唯一的方法。即便是在引入列表解析的 2.0 版，有些人仍然钟情于老派的 &filter_function; (和这章稍后将见到的它的伴侣函数 &map_function; )。两种方法并存于世，使用哪种方法只是风格问题，&map_function; 和 &filter_function; 将在未来的  &python; 版本中被废止的讨论尚无定论。</para>
</formalpara>
<example>
<title>以列表解析法过滤</title>
<programlisting>
&regression_listdir;
&regression_compile;
    files = [f for f in files if test.search(f)] <co id="regression.filter.3.1"/></programlisting>
<calloutlist>
<callout arearefs="regression.filter.3.1">
<para>这种方法将完成和 &filter_function; 函数完全相同的工作。哪种方法更清晰完全取决于你自己。</para>
</callout>
</calloutlist>
</example>
</section>
<section id="regression.map">
<?dbhtml filename="functional_programming/mapping_lists.html"?>
<title>重识列表映射</title>
<abstract>
<title/>
<para>你对使用<link linkend="odbchelper.map">列表解析</link>映射列表的做法已经熟知。另一种方法可以完成同样的工作：使用内建 &map_function; 函数。它的工作机理和 <link linkend="regression.filter">&filter_function;</link> 函数类似。</para>
</abstract>
<example>
<title>&map_function; 介绍</title>
<screen>
&prompt;<userinput>def double(n):</userinput>
&continuationprompt;return n*2
&continuationprompt;
&prompt;<userinput>li = [1, 2, 3, 5, 9, 10, 256, -3]</userinput>
&prompt;<userinput>map(double, li)</userinput>                       <co id="regression.map.1.1"/>
<computeroutput>[2, 4, 6, 10, 18, 20, 512, -6]</computeroutput>
&prompt;<userinput>[double(n) for n in li]</userinput>               <co id="regression.map.1.2"/>
<computeroutput>[2, 4, 6, 10, 18, 20, 512, -6]</computeroutput>
&prompt;<userinput>newlist = []</userinput>
&prompt;<userinput>for n in li:</userinput>                          <co id="regression.map.1.3"/>
&continuationprompt;<userinput>newlist.append(double(n))</userinput>
&continuationprompt;
&prompt;<userinput>newlist</userinput>
<computeroutput>[2, 4, 6, 10, 18, 20, 512, -6]</computeroutput></screen>
<calloutlist>
<callout arearefs="regression.map.1.1">
<para>&map_function; 接受一个函数和一个列表作为参数，<footnote><para>同前，我需要指出 &map_function; 可以接受一个列表、元组，或者一个像序列一样的对象。参见前面的关于 &filter_function; 的脚注。</para></footnote> 并对列表中的每个元素依次调用函数返回一个新的列表。在这个例子中，函数仅仅是将每个元素乘以 2。</para>
</callout>
<callout arearefs="regression.map.1.2">
<para>使用列表解析的方法你可以做到相同的事情。列表解析是在 &python; 2.0 版时被引入的；而 &map_function; 则古老得多。</para>
</callout>
<callout arearefs="regression.map.1.3">
<para>你如果坚持以 &vb; 程序员自居，通过 &for; 循环的方法完成相同的任务也完全可以。</para>
</callout>
</calloutlist>
</example>
<example>
<title>&map_function; 与混合数据类型的列表</title>
<screen>
&prompt;<userinput>li = [5, 'a', (2, 'b')]</userinput>
&prompt;<userinput>map(double, li)</userinput>                       <co id="regression.map.2.1"/>
<computeroutput>[10, 'aa', (2, 'b', 2, 'b')]</computeroutput></screen>
<calloutlist>
<callout arearefs="regression.map.2.1">
<para>作为一个旁注，我想指出只要提供的那个函数能够正确处理各种数据类型，&map_function; 对于混合数据类型列表的处理同样出色。在这里，<function>double</function> 函数仅仅是将给定参数乘以 2，&python; 则会根据参数的数据类型决定正确操作的方法。对整数而言，这意味着乘 2；对字符串而言，意味着把自身和自身连接；对于元组，意味着构建一个包括原始元组全部元素和原始元组组合在一起的新元组。</para>
</callout>
</calloutlist>
</example>
<para>好了，玩够了。让我们来看一些真实代码。</para>
<example>
<title>&regression_filename; 中的 &map_function;</title>
<programlisting>
&regression_lambda; <co id="regression.map.3.1"/>
&regression_map; <co id="regression.map.3.2"/></programlisting>
<calloutlist>
<callout arearefs="regression.map.3.1">
<para>正如你在 <xref linkend="apihelper.lambda"/> 中所见，&lambdafunction; 定义一个内联函数。也正如你在 <xref linkend="splittingpathnames.example"/> 中所见，&ospathsplitext; 接受一个文件名并返回一个元组 <literal>(<replaceable>name</replaceable>, <replaceable>extension</replaceable>)</literal>。因此 <function>filenameToModuleName</function> 是一个接受文件名，剥离出其扩展名，然后只返回文件名称的函数。</para>
</callout>
<callout arearefs="regression.map.3.2">
<para>调用 &map_function; 将把 <varname>files</varname> 列出的所有文件名传递给 <function>filenameToModuleName</function> 函数，并且返回每个函数调用结果所组成的列表。换句话说，你剔除掉文件名的扩展名，并将剔除后的文件名存于 <varname>moduleNames</varname> 之中。</para>
</callout>
</calloutlist>
</example>
<para>如你在本章剩余部分将看到的，你可以将这种数据中心思想扩展到定义和执行一个容纳来自很多单个测试套件的测试的一个测试套件的最终目标。</para>
</section>
<section id="regression.datacentric">
<?dbhtml filename="functional_programming/data_centric.html"?>
<title>数据中心思想编程</title>
<abstract>
<title/>
<para>现在的你，可能正抓耳挠腮地狠想，为什么这样比使用 &for; 循环和直接调用函数好。这是一个非常好的问题。通常这是一个程序观问题。使用 &map_function; 和 &filter_function; 强迫你围绕数据进行思考。</para>
</abstract>
<para>就此而言，你从没有数据开始，你所做的第一件事是<link linkend="regression.path">获得当前脚本的目录路径</link>，并获得该目录中的文件列表。这就是关键的一步，使你有了待处理的真实数据：文件名列表。</para>
<para>当然，你知道你并不关心所有的文件，而只关心测试套件。你有<emphasis>太多数据</emphasis>，因此你需要过滤(&filter_function;)数据。你如何知道哪些数据应该保留？你需要一个测试来确定，因此你定义一个测试并把它传给 &filter_function; 函数。这里你应用了一个正则表达式来确定，但无论如何构建测试，原则是一样的。</para>
<para>现在你有了每个测试套件的文件名 (且局限于测试套件，因为所有其他内容都被过滤掉了)，但是你还需要以模块名来替代之。你有正确数量的数据，只是<emphasis>格式不正确</emphasis>。因此，你定义了一个函数来将文件名转换为模块名，并使用这个函数映射整个列表。从一个文件名，你可以获得一个模块名，从一个文件名列表，你可以获得一个模块名列表。</para>
<para>如果不应用 &filter_function;，你也可以使用 &for; 循环结合一个 &if; 语句的方法。&map_function; 的使用则可以由一个 &for; 循环和一个函数调用来取代。但是 &for; 循环看起来像是个繁重的工作。至少，简单讲是在浪费时间，糟糕的话还会隐埋 Bug。例如，你需要弄清楚如何测试这样一个条件：<quote>这个文件是测试套件吗？</quote>这是应用特定的逻辑，没有哪个语言能自动为我们写出其代码。但是一旦你搞清楚了，你还需要费尽周折地定义一个新的空列表，写一个  &for; 循环以及一个 &if; 语句并手工地调用 <function>append</function> 将符合条件的元素一个个添加到新列表中，然后一路上注意区分哪个变量里放着过滤后的数据，哪个变量里放着未过滤的老数据。为什么不直接定义测试条件，然后由 &python; 为你完成接下来的工作呢？</para>
<para>当然啦，你可以尝试眩一点的做法，去删除列表中的元素而不新建一个列表。但是你以前吃过这样的亏。试图在循环中改变数据结构是很容易出问题的。&python; 是一个这样工作的语言吗？用多长时间你才能搞清这一点？你能确定记得你第二次这样尝试的安全性？程序员在和这类纯技术课题较劲的过程中，花费了太多的时间，犯了太多的错误，却并没有什么意义。这样并不可能令你的程序有所进步，只不过是费力不讨好。</para>
<para>我在第一次学习 &python; 时是抵触列表解析的，而且我抗拒 &filter_function; 和 &map_function; 的时间更长。我坚持着我更艰难的生活，固守着类似于 &for; 循环和 &if; 语句以及一步步地以代码为中心的编程方式。而且我的 &python; 程序看起来很像是 &vb; 程序，细化每一个函数中的每一个操作步骤。它们却有着同样的小错误和隐蔽的 Bug。这一切其实都没有意义。</para>
<para>让这一切都远去吧。费力不讨好的编程不重要，数据重要。并且数据并不麻烦，它们不过就是数据。如果多了，就过滤。如果不是我们要的，就映射。聚焦在数据上，摒弃费力的劳作。</para>
</section>
<section id="regression.import">
<?dbhtml filename="functional_programming/dynamic_import.html"?>
<title>动态导入模块</title>
<abstract>
<title/>
<para>好了，大道理谈够了。让我们谈谈动态导入模块吧。</para>
</abstract>
<para>首先，让我们看一看正常的模块导入。&importmodule; 语法查看搜索路径，根据给定的名字寻找模块并导入它们。你甚至可以这样做：以逗号分割同时导入多个模块，本章代码前几行就是这样做的。</para>
<example>
<title>同时导入多个模块</title>
<programlisting>
&regression_import; <co id="regression.import.1.1"/>
</programlisting>
<calloutlist>
<callout arearefs="regression.import.1.1">
<para>这里同时导入四个模块：<filename class="headerfile">sys</filename> (为系统函数和得到命令行参数)、<filename class="headerfile">os</filename> (为目录列表之类的操作系统函数)、<filename class="headerfile">re</filename> (为正则表达式)，以及 <filename class="headerfile">unittest</filename> (为单元测试)。</para>
</callout>
</calloutlist>
</example>
<para>现在让我们用动态导入做同样的事。</para>
<example>
<title>动态导入模块</title>
<screen>
&prompt;<userinput>sys = __import__('sys')</userinput>           <co id="regression.import.2.1"/>
&prompt;<userinput>os = __import__('os')</userinput>
&prompt;<userinput>re = __import__('re')</userinput>
&prompt;<userinput>unittest = __import__('unittest')</userinput>
&prompt;<userinput>sys</userinput>                               <co id="regression.import.2.2"/>
&prompt;<computeroutput>&lt;module 'sys' (built-in)></computeroutput>
&prompt;<userinput>os</userinput>
&prompt;<computeroutput>&lt;module 'os' from '/usr/local/lib/python2.2/os.pyc'></computeroutput>
</screen>
<calloutlist>
<callout arearefs="regression.import.2.1">
<para>内建 &importfunction; 函数与 &import; 语句的既定目标相同，但它是一个真正的函数，并接受一个字符串参数。</para>
</callout>
<callout arearefs="regression.import.2.2">
<para>变量 <varname>sys</varname> 现在是 <filename class="headerfile">sys</filename> 模块，和 <literal>import sys</literal> 的结果完全相同。变量 <varname>os</varname> 现在是一个 <filename class="headerfile">os</filename> 模块，等等。</para>
</callout>
</calloutlist>
</example>
<para>因此 &importfunction; 导入一个模块，但是是通过一个字符串参数来做到的。依此处讲，你用以导入的仅仅是一个硬编码性的字符串，但它可以是一个变量，或者一个函数调用的结果。并且你指向模块的变量也不必与模块名匹配。你可以导入一系列模块并把它们指派给一个列表。</para>
<example>
<title>动态导入模块列表</title>
<screen>
&prompt;<userinput>moduleNames = ['sys', 'os', 're', 'unittest']</userinput> <co id="regression.import.3.1"/>
&prompt;<userinput>moduleNames</userinput>
<computeroutput>['sys', 'os', 're', 'unittest']</computeroutput>
&prompt;<userinput>modules = map(__import__, moduleNames)</userinput>        <co id="regression.import.3.2"/>
&prompt;<userinput>modules</userinput>                                       <co id="regression.import.3.3"/>
<computeroutput>[&lt;module 'sys' (built-in)>,
&lt;module 'os' from 'c:\Python22\lib\os.pyc'>,
&lt;module 're' from 'c:\Python22\lib\re.pyc'>,
&lt;module 'unittest' from 'c:\Python22\lib\unittest.pyc'>]</computeroutput>
&prompt;<userinput>modules[0].version</userinput>                            <co id="regression.import.3.4"/>
<computeroutput>'2.2.2 (#37, Nov 26 2002, 10:24:37) [MSC 32 bit (Intel)]'</computeroutput>
&prompt;<userinput>import sys</userinput>
&prompt;<userinput>sys.version</userinput>
<computeroutput>'2.2.2 (#37, Nov 26 2002, 10:24:37) [MSC 32 bit (Intel)]'</computeroutput>
</screen>
<calloutlist>
<callout arearefs="regression.import.3.1">
<para><varname>moduleNames</varname> 只是一个字符串列表。没什么特别的，只是这些名字刚好是你可应需而用的可导入模块名。</para>
</callout>
<callout arearefs="regression.import.3.2">
<para>简单得令人惊奇，通过映射 &importfunction; 就实现了导入。记住，列表 (<varname>moduleNames</varname>) 的每个元素将被用来一次次调用函数 (&importfunction;) 并以一个返回值构成的列表作为返回结果。</para>
</callout>
<callout arearefs="regression.import.3.3">
<para>所以现在你已经由一个字符串列表构建起了一个实际模块的列表。(你的路径可能不同，这取决于你的操作系统、你安装 Python 的位置、月亮残缺的程度等等。)</para>
</callout>
<callout arearefs="regression.import.3.4">
<para>从这些是真实模块这一点出发，让我们来看一些模块属性。记住，<varname>modules[0]</varname> <emphasis>是</emphasis>  &sys; 模块，因此，<varname>modules[0].version</varname> <emphasis>是</emphasis> <varname>sys.version</varname>。所有模块的其他属性和方法也都可用。&import; 语句没什么神奇的，模块也没什么神奇的。模块就是对象，一切都是对象。</para>
</callout>
</calloutlist>
</example>
<para>现在，你应该能够把这一切放在一起，并搞清楚本章大部分样例代码是做什么的。</para>
</section>
<section id="regression.alltogether">
<?dbhtml filename="functional_programming/all_together.html"?>
<title>全部放在一起</title>
<abstract>
<title/>
<para>你已经学习了足够的知识，现在来分析本章样例代码的前七行：读取一个目录并从中导入选定的模块。</para>
</abstract>
<example>
<title>&regressiontestfunction; 函数</title>
<programlisting>
&regression_testdef;
&regression_path;
&regression_listdir;
&regression_compile;
&regression_filter;
&regression_lambda;
&regression_map;
&regression_mapimport;
&regression_load1;
&regression_testsuite1;
</programlisting>
</example>
<para>让我们一行行交互地看。假定当前目录是 <filename>c:\diveintopython\py</filename>，其中有包含本章脚本在内的本书众多样例。正如在 <xref linkend="regression.path"/> 中所见，脚本目录将存于 <varname>path</varname> 变量，因此让我们从这里开始以实打实的代码起步。</para>
<example>
<title>步骤 1：获得所有文件</title>
<screen>
&prompt;<userinput>&regression_import;</userinput>
&prompt;<userinput>path = r'c:\diveintopython\py'</userinput>
&prompt;<userinput>&regression_listdir1;</userinput>
&prompt;<userinput>files</userinput> <co id="regression.alltogether.1.1"/>
<computeroutput>['BaseHTMLProcessor.py', 'LICENSE.txt', 'apihelper.py', 'apihelpertest.py',
'argecho.py', 'autosize.py', 'builddialectexamples.py', 'dialect.py',
'fileinfo.py', 'fullpath.py', 'kgptest.py', 'makerealworddoc.py',
'odbchelper.py', 'odbchelpertest.py', 'parsephone.py', 'piglatin.py',
'plural.py', 'pluraltest.py', 'pyfontify.py', 'regression.py', 'roman.py', 'romantest.py',
'uncurly.py', 'unicode2koi8r.py', 'urllister.py', 'kgp', 'plural', 'roman',
'colorize.py']</computeroutput>
</screen>
<calloutlist>
<callout arearefs="regression.alltogether.1.1">
<para><varname>files</varname> 是由脚本所在目录的所有文件和目录构成的列表。(如果你已经运行了其中的一些样例，可能还会看到一些 <filename>.pyc</filename> 文件。)</para>
</callout>
</calloutlist>
</example>
<example>
<title>步骤 2：找到你关注的多个文件</title>
<screen>
&prompt;<userinput>&regression_compile1;</userinput> <co id="regression.alltogether.2.1"/>
&prompt;<userinput>&regression_filter1;</userinput> <co id="regression.alltogether.2.2"/>
&prompt;<userinput>files</userinput>                                                   <co id="regression.alltogether.2.3"/>
<computeroutput>['apihelpertest.py', 'kgptest.py', 'odbchelpertest.py', 'pluraltest.py', 'romantest.py']</computeroutput>
</screen>
<calloutlist>
<callout arearefs="regression.alltogether.2.1">
<para>这个正则表达式将匹配以 <literal>test.py</literal> 结尾的任意字符串。注意，你必须转义这个点号，因为正则表达式中的点号通常意味着 <quote>匹配任意单字符</quote>，但是你实际上想匹配的事一个真正的点号。</para>
</callout>
<callout arearefs="regression.alltogether.2.2">
<para>被编译的正则表达式就像一个函数，因此你可以用它来过滤文件和目录构成的大列表，找寻符合正则表达式的所有元素。</para>
</callout>
<callout arearefs="regression.alltogether.2.3">
<para>剩下的是一个单元测试脚本列表，因为只有它们是形如 <filename>SOMETHINGtest.py</filename> 的文件。</para>
</callout>
</calloutlist>
</example>
<example>
<title>步骤 3：映射文件名到模块名</title>
<screen>
&prompt;<userinput>&regression_lambda1;</userinput> <co id="regression.alltogether.3.1"/>
&prompt;<userinput>filenameToModuleName('romantest.py')</userinput>                    <co id="regression.alltogether.3.2"/>
<computeroutput>'romantest'</computeroutput>
&prompt;<userinput>filenameToModuleName('odchelpertest.py')</userinput>
<computeroutput>'odbchelpertest'</computeroutput>
&prompt;<userinput>&regression_map1;</userinput> <co id="regression.alltogether.3.3"/>
&prompt;<userinput>moduleNames</userinput>                                             <co id="regression.alltogether.3.4"/>
<computeroutput>['apihelpertest', 'kgptest', 'odbchelpertest', 'pluraltest', 'romantest']</computeroutput>
</screen>
<calloutlist>
<callout arearefs="regression.alltogether.3.1">
<para>正如你在 <xref linkend="apihelper.lambda"/> 中所见，&lambdafunction; 快餐式地创建内联单行函数。这里应用你在 <xref linkend="splittingpathnames.example"/> 中已经见过的，标准库的 <function>os.path.splitext</function> 将一个带有扩展名的文件名返回成只包含文件名称的那部分。</para>
</callout>
<callout arearefs="regression.alltogether.3.2">
<para><varname>filenameToModuleName</varname> 是一个函数。&lambdafunction; 函数并不比你以 <literal>def</literal> 语句定义的普通函数神奇。你可以如其他函数一样地调用 <varname>filenameToModuleName</varname>，它也将如你所愿：从参数中剔除扩展名。</para>
</callout>
<callout arearefs="regression.alltogether.3.3">
<para>现在你可以通过 &map_function; 把这个函数应用于单元测试文件列表中的每一个文件。</para>
</callout>
<callout arearefs="regression.alltogether.3.4">
<para>结果当然如你所愿：以指代模块的字符串构成的一个列表。</para>
</callout>
</calloutlist>
</example>
<example>
<title>步骤 4：映射模块名到模块</title>
<screen>
&prompt;<userinput>&regression_mapimport1;</userinput> <co id="regression.alltogether.4.1"/>
&prompt;<userinput>modules</userinput>                                                 <co id="regression.alltogether.4.2"/>
<computeroutput>[&lt;module 'apihelpertest' from 'apihelpertest.py'>,
&lt;module 'kgptest' from 'kgptest.py'>,
&lt;module 'odbchelpertest' from 'odbchelpertest.py'>,
&lt;module 'pluraltest' from 'pluraltest.py'>,
&lt;module 'romantest' from 'romantest.py'>]</computeroutput>
&prompt;<userinput>modules[-1]</userinput>                                             <co id="regression.alltogether.4.3"/>
<computeroutput>&lt;module 'romantest' from 'romantest.py'></computeroutput>
</screen>
<calloutlist>
<callout arearefs="regression.alltogether.4.1">
<para>正如你在 <xref linkend="regression.import"/> 中所见，你可以通过 &map_function; 和 &importfunction; 的协同工作，将模块名 (字符串) 映射到实际的模块 (像其他模块一样可以被调用和使用)。
</para>
</callout>
<callout arearefs="regression.alltogether.4.2">
<para><varname>modules</varname> 现在是一个模块列表，其中的模块和其他模块一样。</para>
</callout>
<callout arearefs="regression.alltogether.4.3">
<para>该列表的最后一个模块<emphasis>是</emphasis> &romantest_module; 模块，和通过 <literal>import romantest</literal> 导入的模块完全等价。</para>
</callout>
</calloutlist>
</example>
<example>
<title>步骤 5：将模块载入测试套件</title>
<screen>
&prompt;<userinput>&regression_load1;</userinput>
&prompt;<userinput>map(load, modules)</userinput>                     <co id="regression.alltogether.5.1"/>
<computeroutput>[&lt;unittest.TestSuite tests=[
  &lt;unittest.TestSuite tests=[&lt;apihelpertest.BadInput testMethod=testNoObject>]>,
  &lt;unittest.TestSuite tests=[&lt;apihelpertest.KnownValues testMethod=testApiHelper>]>,
  &lt;unittest.TestSuite tests=[
    &lt;apihelpertest.ParamChecks testMethod=testCollapse>, 
    &lt;apihelpertest.ParamChecks testMethod=testSpacing>]>, 
    ...
  ]
]</computeroutput>
&prompt;<userinput>unittest.TestSuite(map(load, modules))</userinput> <co id="regression.alltogether.5.2"/>
</screen>
<calloutlist>
<callout arearefs="regression.alltogether.5.1">
<para>模块对象的存在，使你不但可以像其他模块一样地使用它们；通过类的实例化和函数的调用，你还可以内省模块，从而弄清楚已经有了那些类和函数。这正是 <function>loadTestsFromModule</function> 方法的工作：内省每一个模块并为每个模块返回一个 <literal>unittest.TestSuite</literal> 对象。每个 <literal>TestSuite</literal> (测试套件) 对象都包含一个 <literal>TestCase</literal> 对象的列表，每个对象对应着你的模块中的一个测试方法。</para>
</callout>
<callout arearefs="regression.alltogether.5.2">
<para>最后，你将<literal>TestSuite</literal>列表封装成一个更大的测试套件。&unittest_modulename; 模块会很自如地遍历嵌套于测试套件中的树状结构，最后深入到独立测试方法，一个个加以运行并判断通过或是失败。</para>
</callout>
</calloutlist>
</example>
<para>自省过程是 &unittest_modulename; 模块经常为我们做的一项工作。还记得我们的独立测试模块仅仅调用了看似神奇的 <literal>unittest.main()</literal> 函数就大刀阔斧地完成了全部工作吗？<function>unittest.main()</function> 实际上创建了一个 <literal>unittest.TestProgram</literal> 的实例，而这个实例实际上创建了一个 <literal>unittest.defaultTestLoader</literal> 的实例并以调用它的模块启动它。 (如果你不给出，如何知道调用它的模块是哪一个？通过使用同样神奇的 <literal>__import__('__main__')</literal> 命令，动态导入正在运行的模块。我可以就 &unittest_modulename; 模块中使用的所有技巧和技术写一本书，但那样我就没法写完这本了。)</para>
<example>
<title>步骤 6：告知 &unittest_modulename; 使用你的测试套件</title>
<programlisting>
&regression_ifmain;
&regression_main; <co id="regression.alltogether.6.1"/>
</programlisting>
</example>
<calloutlist>
<callout arearefs="regression.alltogether.6.1">
<para>在不使用 &unittest_modulename; 模块来为我们做这一切的神奇工作的情况下，你实际上已自己做到了。你已经创建了一个自己就能导入模块、调用 <literal>unittest.defaultTestLoader</literal> 并封装于一个测试套件的 <function>regressionTest</function> 函数。现在你所要做的不是去寻找测试并以通用的方法构建一个测试套件，而是告诉 &unittest_modulename; 前面那些，它将调用 <function>regressionTest</function> 函数，而它会返回可以直接使用的 <literal>TestSuite</literal>。</para>
</callout>
</calloutlist>
</section>
<section id="regression.summary">
<?dbhtml filename="functional_programming/summary.html"?>
<title>小结</title>
<abstract>
<title/>
<para>&regression_filename; 程序及其输出到现在应该很清楚了。</para>
</abstract>
<para>你现在应该能够很自如地做到如下事情：</para>
<itemizedlist>
<listitem><para>从命令行操作<link linkend="regression.path">路径信息</link>。</para></listitem>
<listitem><para>不使用列表解析，<link linkend="regression.filter">使用 &filter_function;</link> 过滤列表。</para></listitem>
<listitem><para>不使用列表解析，<link linkend="regression.map">使用 &map_function;</link> 映射列表。</para></listitem>
<listitem><para>动态<link linkend="regression.import">导入模块</link>。</para></listitem>
</itemizedlist>
</section>
</chapter>
<!--
* dynamic module import using __import__
* putting it all together, part 1: getting a list of modules in a directory
- a little bit about how PyUnit works (defaultTestLoader.loadTestsFromModule)
  - defaultTestLoader is an instance of TestLoader class
  - loadTestsFromModule is a method of this class [code listing]
  - uses dir to list contents of module [xref to apihelper.builtin]
  - uses getattr to get reference to each thing [xref to apihelper.getattr]
  - uses isinstance and issubclass to determine whether this thing is a class, and whether it is a subclass of unittest.TestCase [no xref, want to add this to apihelper.builtin?]
  - if so, introspects *again* into the class to find all the test methods
  - this is how unittest.main() worked in the original unit testing example [xref to roman], but now you're doing the work manually so you can iterate over multiple modules that you've manually loaded from external files
- putting it all together, part 2
- summary
-->
